{"pages": [{"page_idx": 0, "dimensions": [4000, 2252], "orientation": {"value": null, "confidence": null}, "language": {"value": null, "confidence": null}, "blocks": [{"geometry": [[0.333984375, 0.349609375], [0.6396484375, 0.3935546875]], "lines": [{"geometry": [[0.333984375, 0.349609375], [0.6396484375, 0.3935546875]], "words": [{"value": "Driver", "confidence": 0.9938809275627136, "geometry": [[0.333984375, 0.349609375], [0.6396484375, 0.3935546875]]}]}], "artefacts": []}, {"geometry": [[0.2822265625, 0.46875], [0.7080078125, 0.5302734375]], "lines": [{"geometry": [[0.2822265625, 0.46875], [0.7080078125, 0.5302734375]], "words": [{"value": "Backseat", "confidence": 0.9221270084381104, "geometry": [[0.2822265625, 0.46875], [0.7080078125, 0.5302734375]]}]}], "artefacts": []}, {"geometry": [[0.3408203125, 0.537109375], [0.65625, 0.58203125]], "lines": [{"geometry": [[0.3408203125, 0.537109375], [0.65625, 0.58203125]], "words": [{"value": "Driver", "confidence": 0.9976581335067749, "geometry": [[0.3408203125, 0.537109375], [0.65625, 0.58203125]]}]}], "artefacts": []}]}]}